,resi + chain,Spike variant,PDB code,P_coef_skl_spectral_clustering,P_coef_norm_ssc_hope,P_coef_norm_ssc,P_coef_unnorm_ssc,P_coef_ssc_shimalik_hope,P_coef_ssc_shimalik_laplacianeigenmaps,P_coef_unnorm_ssc_hope,P_coef_ssc_shimalik
0,67 C,Spike WT,6vxx,0.0,0.64,0.0,0.0,0.0,0.3599999999999999,0.3599999999999999,0.0
1,67 C,Omicron,7wk2,0.0,0.2098765432098766,0.3950617283950617,0.2098765432098766,0.0,0.0,0.0,0.691358024691358
2,95 C,Spike WT,6vxx,0.0,0.15972222222222232,0.0,0.0,0.0,0.75,0.0,0.0
3,95 C,Omicron,7wk2,0.0,0.0,0.5555555555555556,0.0,0.3950617283950617,0.3950617283950617,0.0,0.0
4,142 C,Spike WT,6vxx,0.0,0.4375,0.0,0.0,0.0,0.9375,0.0,0.0
5,142 C,Omicron,7wk2,0.0,0.5555555555555556,0.0,0.0,0.0,0.8024691358024691,0.0,0.0
6,215 C,Spike WT,6vxx,0.0,0.75,0.0,0.0,0.0,0.0,0.0,0.0
7,215 C,Omicron,7wk2,0.0,0.75,0.75,0.0,0.0,0.75,0.0,0.0
8,216 C,Spike WT,6vxx,0.0,0.26530612244897966,0.6734693877551021,0.0,0.0,0.4897959183673469,0.0,0.0
9,216 C,Omicron,7wk2,0.0,1.0,0.0,0.0,0.5555555555555556,0.0,0.5555555555555556,0.0
10,339 C,Spike WT,6vxx,0.0,0.0,0.0,0.0,0.0,0.0,0.84,0.0
11,339 C,Omicron,7wk2,0.0,0.84,0.0,0.0,0.0,0.0,0.0,0.3599999999999999
12,371 C,Spike WT,6vxx,0.0,0.0,0.0,0.0,0.0,0.0,0.3599999999999999,0.0
13,371 C,Omicron,7wk2,0.859375,0.234375,0.4375,0.0,0.4375,0.4375,0.234375,0.0
14,373 C,Spike WT,6vxx,0.0,0.0,0.0,0.0,0.0,0.0,0.8888888888888888,0.0
15,373 C,Omicron,7wk2,0.3599999999999999,1.0,0.0,0.0,1.0,0.0,0.0,0.64
16,375 C,Spike WT,6vxx,0.0,0.4897959183673469,0.0,0.0,0.0,0.4897959183673469,0.4897959183673469,0.0
17,375 C,Omicron,7wk2,0.234375,0.234375,0.0,0.0,0.234375,0.0,0.0,0.609375
18,417 C,Spike WT,6vxx,0.30555555555555547,0.30555555555555547,0.0,0.0,0.0,0.0,0.0,0.30555555555555547
19,417 C,Omicron,7wk2,0.0,0.5555555555555556,0.6597222222222221,1.0,0.0,0.4375,0.4375,0.0
20,440 C,Spike WT,6vxx,0.0,0.84,0.0,0.0,0.0,0.0,0.0,0.0
21,440 C,Omicron,7wk2,0.0,0.0,0.0,0.0,1.0,0.0,0.96,0.0
22,493 C,Spike WT,6vxx,0.0,0.0,0.0,0.0,0.0,0.30555555555555547,0.5555555555555556,0.0
23,493 C,Omicron,7wk2,0.0,0.0,0.26530612244897966,0.0,1.0,0.0,0.0,0.0
24,496 C,Spike WT,6vxx,0.0,0.26530612244897966,0.0,0.0,0.0,0.0,0.0,0.0
25,496 C,Omicron,7wk2,0.0,0.0,0.0,0.0,0.75,0.8888888888888888,0.0,0.0
26,498 C,Spike WT,6vxx,0.0,0.5555555555555556,0.0,0.0,0.0,0.0,0.2098765432098766,0.0
27,498 C,Omicron,7wk2,0.0,0.30555555555555547,0.0,0.0,0.8263888888888888,0.15972222222222232,0.15972222222222232,0.0
28,501 C,Spike WT,6vxx,0.0,0.4897959183673469,0.0,0.0,0.0,0.0,0.0,0.0
29,501 C,Omicron,7wk2,0.0,0.0,0.0,0.0,1.0,0.0,0.0,0.0
30,505 C,Spike WT,6vxx,0.0,0.8163265306122449,0.0,0.0,0.0,0.0,0.0,0.0
31,505 C,Omicron,7wk2,0.0,0.0,0.17355371900826455,0.0,0.47107438016528924,0.3305785123966941,0.0,0.0
32,547 C,Spike WT,6vxx,0.0,0.0,0.691358024691358,0.0,0.2098765432098766,0.2098765432098766,0.8024691358024691,0.0
33,547 C,Omicron,7wk2,0.0,0.0,0.0,0.0,0.9795918367346939,0.26530612244897966,0.0,0.0
34,614 C,Spike WT,6vxx,0.0,0.0,0.0,0.0,0.3950617283950617,0.0,0.2098765432098766,0.0
35,614 C,Omicron,7wk2,0.0,0.0,0.0,0.0,0.0,0.30555555555555547,0.0,0.0
36,655 C,Spike WT,6vxx,0.0,0.0,0.0,0.0,0.8163265306122449,0.6734693877551021,0.0,0.0
37,655 C,Omicron,7wk2,0.0,0.0,0.0,0.0,0.26530612244897966,0.0,0.0,0.0
38,764 C,Spike WT,6vxx,0.0,0.0,0.0,0.0,0.0,0.0,0.0,0.0
39,764 C,Omicron,7wk2,0.0,0.51,0.0,0.51,0.3599999999999999,0.51,0.0,0.0
40,796 C,Spike WT,6vxx,0.0,0.84,0.0,0.0,0.96,0.0,0.0,0.0
41,796 C,Omicron,7wk2,0.64,0.0,0.0,0.0,0.0,0.0,0.0,0.0
42,856 C,Spike WT,6vxx,0.0,0.0,0.0,0.0,0.30555555555555547,0.0,0.0,0.0
43,856 C,Omicron,7wk2,0.0,0.3599999999999999,0.0,0.0,0.0,0.3599999999999999,0.64,0.0
44,954 C,Spike WT,6vxx,0.0,0.0,0.30555555555555547,0.75,0.8888888888888888,0.0,0.0,0.0
45,954 C,Omicron,7wk2,0.0,0.0,0.0,0.0,0.0,0.30555555555555547,0.75,0.5555555555555556
46,969 C,Spike WT,6vxx,0.0,0.0,0.0,0.0,0.3599999999999999,0.0,0.0,0.0
47,969 C,Omicron,7wk2,0.0,0.0,0.84,0.51,0.0,0.64,0.0,0.3599999999999999
48,981 C,Spike WT,6vxx,0.0,0.0,0.0,0.0,0.0,0.0,0.234375,0.0
49,981 C,Omicron,7wk2,0.0,0.0,0.0,0.18999999999999995,0.0,0.18999999999999995,0.0,0.0
50,95 C,Spike WT,6vxx,0.0,0.15972222222222232,0.0,0.0,0.0,0.75,0.0,0.0
51,95 C,Delta,7sbk,0.0,0.0,0.0,0.0,0.0,0.691358024691358,0.0,0.0
52,142 C,Spike WT,6vxx,0.0,0.4375,0.0,0.0,0.0,0.9375,0.0,0.0
53,142 C,Delta,7sbk,0.0,0.0,0.0,0.0,0.0,0.3599999999999999,0.0,0.0
54,452 C,Spike WT,6vxx,0.0,0.3599999999999999,0.0,0.0,0.0,0.51,0.0,0.0
55,452 C,Delta,7sbk,0.0,0.75,0.0,0.0,0.75,0.0,0.75,0.0
56,614 C,Spike WT,6vxx,0.0,0.0,0.0,0.0,0.3950617283950617,0.0,0.2098765432098766,0.0
57,614 C,Delta,7sbk,0.15972222222222232,0.15972222222222232,0.0,0.0,0.15972222222222232,0.15972222222222232,0.15972222222222232,0.0
58,950 C,Spike WT,6vxx,0.0,0.30555555555555547,0.8888888888888888,0.5555555555555556,0.75,0.5555555555555556,0.0,0.0
59,950 C,Delta,7sbk,0.0,0.30555555555555547,0.0,0.0,0.30555555555555547,0.0,0.30555555555555547,0.0
60,501 C,Spike WT,6vxx,0.0,0.4897959183673469,0.0,0.0,0.0,0.0,0.0,0.0
61,501 C,Alpha,7fet,0.0,0.0,0.0,0.0,0.0,0.0,0.0,0.0
62,570 C,Spike WT,6vxx,0.609375,0.0,0.0,0.0,0.0,0.859375,0.0,0.0
63,570 C,Alpha,7fet,0.64,0.3599999999999999,0.0,0.64,0.3599999999999999,0.84,0.0,0.3599999999999999
64,614 C,Spike WT,6vxx,0.0,0.0,0.0,0.0,0.3950617283950617,0.0,0.2098765432098766,0.0
65,614 C,Alpha,7fet,0.0,0.234375,0.0,0.0,0.234375,0.234375,0.234375,0.0
66,716 C,Spike WT,6vxx,0.0,0.3599999999999999,0.0,0.0,0.18999999999999995,0.64,0.3599999999999999,0.0
67,716 C,Alpha,7fet,0.0,0.0,0.0,0.0,0.0,0.0,0.0,0.0
68,982 C,Spike WT,6vxx,0.0,0.0,0.0,0.0,0.0,0.0,0.0,0.0
69,982 C,Alpha,7fet,0.0,0.0,0.0,0.0,0.0,0.30555555555555547,0.0,0.0
70,1118 C,Spike WT,6vxx,0.0,0.75,0.0,0.0,0.0,0.0,0.0,0.0
71,1118 C,Alpha,7fet,0.0,0.8888888888888888,0.0,0.0,0.8888888888888888,0.8888888888888888,0.8888888888888888,0.0
