,resi + chain,Spike variant,PDB code,Bet. Centr.,Clos. centr.,Degree Centr.,Eigenvector Centr.,Node degree,Clustering Coef.
0,67 B,Omicron,7wk4,0.0023806930063729158,0.05357347382888558,0.0026723677177979688,6.64452082972239e-06,10,0.17777777777777778
1,67 B,Wild Type,7df4,0.0011839760385441433,0.05602608746975152,0.0026336581511719782,2.0762716711135212e-06,10,0.26666666666666666
2,67 C,Omicron,7wk4,0.0021215715173557594,0.050642847475977804,0.002405130946018172,1.9385955845512126e-06,9,0.19444444444444445
3,67 C,Wild Type,7df4,0.004057179223834768,0.06146698395739239,0.0026336581511719782,1.8668988254155198e-06,10,0.26666666666666666
4,67 D,Omicron,7wk4,0.0015912470000024278,0.05666691905807526,0.002405130946018172,8.618745494714059e-07,9,0.19444444444444445
5,67 D,Wild Type,7df4,0.0012709599686473224,0.05452326249282022,0.0026336581511719782,2.217431400278892e-06,10,0.26666666666666666
6,95 B,Omicron,7wk4,0.0013343205366789677,0.05679679436585514,0.002405130946018172,8.625552051628364e-06,9,0.25
7,95 B,Wild Type,7df4,0.0037232105154670083,0.0613845059493016,0.0028970239662891757,2.3674427595198137e-06,11,0.2727272727272727
8,95 C,Omicron,7wk4,0.001260082920227888,0.05315416412164946,0.002405130946018172,4.114634473206518e-06,9,0.2777777777777778
9,95 C,Wild Type,7df4,0.0017557338684028908,0.0642785800138816,0.0026336581511719782,2.473035648600237e-06,10,0.26666666666666666
10,95 D,Omicron,7wk4,0.0009995812640929641,0.06117877871331644,0.002405130946018172,2.275688881254539e-06,9,0.2777777777777778
11,95 D,Wild Type,7df4,0.0018250971358762121,0.05834626673018117,0.0026336581511719782,2.715249860056984e-06,10,0.28888888888888886
12,142 B,Omicron,7wk4,0.0007063221134066866,0.04974542360714143,0.002405130946018172,3.287941378134536e-06,9,0.25
13,142 B,Wild Type,7df4,0.0003915319846796214,0.05145962648740954,0.0026336581511719782,3.492326594602085e-06,10,0.24444444444444444
14,142 C,Omicron,7wk4,0.0004613990603210308,0.04551204086596935,0.0026723677177979688,4.009241164834338e-07,10,0.2
15,142 C,Wild Type,7df4,0.0007327383190252473,0.05760099516072756,0.0028970239662891757,3.995705689567236e-06,11,0.23636363636363636
16,142 D,Omicron,7wk4,0.0003245139484181881,0.05277409528107636,0.0018706574024585781,2.371224603278536e-07,7,0.23809523809523808
17,142 D,Wild Type,7df4,0.0006060557004203886,0.05111945824414018,0.0028970239662891757,3.352327617010065e-06,11,0.23636363636363636
18,215 B,Omicron,7wk4,0.0,0.05601377142429459,0.0002672367717797969,1.5720855975758267e-07,1,0
19,215 B,Wild Type,7df4,0.00041388239667284666,0.059246660841343154,0.0013168290755859891,6.08252024934096e-07,5,0.1
20,215 C,Omicron,7wk4,0.0,0.052283746210057144,0.0002672367717797969,6.483763357924576e-08,1,0
21,215 C,Wild Type,7df4,0.00013781892810177268,0.060710231360823756,0.0007900974453515934,1.531946582830156e-07,3,0.3333333333333333
22,215 D,Omicron,7wk4,0.0,0.06016754297107391,0.0002672367717797969,1.7188347065003396e-07,1,0
23,215 D,Wild Type,7df4,0.00032901178253586557,0.05734090428584373,0.0007900974453515934,1.866133433795833e-07,3,0
24,216 B,Omicron,7wk4,0.0,0.059073328597363646,0.0002672367717797969,1.3960053258652221e-06,1,0
25,216 B,Wild Type,7df4,0.0015024514697175883,0.06262679575780566,0.0010534632604687912,4.544594320068572e-07,4,0.3333333333333333
26,216 C,Omicron,7wk4,0.0,0.05493408497019877,0.0002672367717797969,7.300462037744764e-07,1,0
27,216 C,Wild Type,7df4,0.00241428517736326,0.06614752099229992,0.0010534632604687912,6.252301563959695e-07,4,0.16666666666666666
28,216 D,Omicron,7wk4,0.0,0.06195364238410596,0.0002672367717797969,5.31449723634508e-07,1,0
29,216 D,Wild Type,7df4,0.0022080941181878153,0.05963936795149687,0.0010534632604687912,4.5968925461704995e-07,4,0.16666666666666666
30,339 B,Omicron,7wk4,0.008496382918616062,0.0619680058291657,0.0013361838588989844,9.45122196140182e-07,5,0.3
31,339 B,Wild Type,7df4,0.0035648878821656193,0.06835283528352835,0.0013168290755859891,1.1334285260299568e-06,5,0.2
32,339 C,Omicron,7wk4,2.858616529722747e-06,0.056839930734878634,0.0013361838588989844,3.5356359158203014e-05,5,0.4
33,339 C,Wild Type,7df4,3.853014517622483e-06,0.06046852356154348,0.0013168290755859891,9.852930799968003e-07,5,0.4
34,339 D,Omicron,7wk4,7.407021617726074e-06,0.055729306287790784,0.0013361838588989844,0.000791082319522826,5,0.4
35,339 D,Wild Type,7df4,6.463026200755133e-06,0.06680624956013793,0.0013168290755859891,3.0761058531761253e-06,5,0.4
36,371 B,Omicron,7wk4,0.0016543350064454484,0.06224735922814605,0.0013361838588989844,1.6435775690393478e-07,5,0.5
37,371 B,Wild Type,7df4,1.5113130169533742e-06,0.06838607423950435,0.0010534632604687912,7.855553769790894e-07,4,0.5
38,371 C,Omicron,7wk4,0.002168346707879183,0.060358732821472354,0.0018706574024585781,0.0006607722032128388,7,0.2857142857142857
39,371 C,Wild Type,7df4,0.00010483859156277126,0.06287985426844415,0.0010534632604687912,3.8863930329741866e-07,4,0.3333333333333333
40,371 D,Omicron,7wk4,4.257824421980299e-05,0.058778254245008876,0.0013361838588989844,0.00028246229120574044,5,0.5
41,371 D,Wild Type,7df4,0.00018547334738763764,0.06810151555914268,0.0010534632604687912,1.159807270546174e-06,4,0.3333333333333333
42,373 B,Omicron,7wk4,0.08365023913294847,0.06255328396382541,0.0010689470871191875,3.7188823476638316e-07,4,0.3333333333333333
43,373 B,Wild Type,7df4,0.011649098888973307,0.06927062429306381,0.0013168290755859891,2.4968378737609194e-06,5,0.3
44,373 C,Omicron,7wk4,9.290575305791266e-05,0.05849617007972487,0.0010689470871191875,0.0002006636181097364,4,0.3333333333333333
45,373 C,Wild Type,7df4,0.00026866833868555406,0.063973177429953,0.0010534632604687912,1.6054115218356216e-06,4,0.3333333333333333
46,373 D,Omicron,7wk4,1.6181926585733975e-05,0.05645574967562838,0.0010689470871191875,0.00035293783345911834,4,0.3333333333333333
47,373 D,Wild Type,7df4,0.0006309039516967026,0.06871403235730573,0.0010534632604687912,4.123483493603738e-06,4,0.3333333333333333
48,375 B,Omicron,7wk4,0.08334776033605767,0.06026638321173761,0.0013361838588989844,2.698843709605479e-06,5,0.2
49,375 B,Wild Type,7df4,0.047200184485805624,0.06858494996568043,0.0018435607058203845,6.7318054341998435e-06,7,0.23809523809523808
50,375 C,Omicron,7wk4,0.009595155997860838,0.060985348522629115,0.0018706574024585781,0.0005632132392096486,7,0.09523809523809523
51,375 C,Wild Type,7df4,0.0002812780086922101,0.06626411406432697,0.0013168290755859891,4.325263210700106e-06,5,0.3
52,375 D,Omicron,7wk4,0.00044529305441501593,0.05896813640518138,0.0016034206306787813,0.0016680085167682067,6,0.13333333333333333
53,375 D,Wild Type,7df4,0.005044551738444959,0.07186796131205875,0.0018435607058203845,1.2578244289380124e-05,7,0.19047619047619047
54,417 B,Omicron,7wk4,0.00018860741113464914,0.05089979188487016,0.0018706574024585781,3.810728297613583e-06,7,0.3333333333333333
55,417 B,Wild Type,7df4,0.0026171767293221163,0.059855602497004855,0.0018435607058203845,1.1771049037585542e-05,7,0.2857142857142857
56,417 C,Omicron,7wk4,0.006248187381059889,0.06208521369790284,0.002137894174238375,0.00011316105730330104,8,0.35714285714285715
57,417 C,Wild Type,7df4,0.00488893752947618,0.07109821177792341,0.0023702923360547803,5.281878445642853e-06,9,0.2777777777777778
58,417 D,Omicron,7wk4,0.009386169772782673,0.06147123566711568,0.0029396044895777657,0.0024437943652513513,11,0.18181818181818182
59,417 D,Wild Type,7df4,0.04929442555143597,0.07781853954460681,0.0015801948907031868,8.277668580195778e-06,6,0.3333333333333333
60,440 B,Omicron,7wk4,1.979543828385598e-05,0.052944339115424885,0.0016034206306787813,8.918410332668797e-06,6,0.4666666666666667
61,440 B,Wild Type,7df4,0.0007807501036368953,0.06316542454085707,0.0015801948907031868,7.758668327444563e-06,6,0.3333333333333333
62,440 C,Omicron,7wk4,4.199070176714553e-06,0.05443384149889445,0.0010689470871191875,0.00010668721178921947,4,0.5
63,440 C,Wild Type,7df4,2.711154124772085e-05,0.06244346867959281,0.0013168290755859891,7.424277965005797e-06,5,0.3
64,440 D,Omicron,7wk4,4.339989343584859e-05,0.05476124273776945,0.0013361838588989844,0.002560859235518103,5,0.3
65,440 D,Wild Type,7df4,9.130607544415907e-05,0.06749382299091669,0.0013168290755859891,1.5131659452338695e-05,5,0.3
66,493 B,Omicron,7wk4,0.0011704878268246894,0.05095871009913934,0.0016034206306787813,3.066158932419984e-06,6,0.3333333333333333
67,493 B,Wild Type,7df4,0.014311886811490215,0.057938506141756316,0.0021069265209375824,9.71500572115587e-06,8,0.21428571428571427
68,493 C,Omicron,7wk4,0.000753800905581977,0.05660691324408139,0.0018706574024585781,9.241479239234194e-05,7,0.38095238095238093
69,493 C,Wild Type,7df4,0.0006975220740375259,0.06392148280331982,0.0018435607058203845,5.287843691423632e-06,7,0.2857142857142857
70,493 D,Omicron,7wk4,0.0002489336317162271,0.05575504730686136,0.0018706574024585781,0.0019470696650332093,7,0.38095238095238093
71,493 D,Wild Type,7df4,0.01823128552751174,0.07243694913960853,0.0018435607058203845,1.2235563183147504e-05,7,0.2857142857142857
72,496 B,Omicron,7wk4,0.0014577275071359158,0.051052566953627025,0.0018706574024585781,7.495337271918812e-06,7,0.3333333333333333
73,496 B,Wild Type,7df4,0.005267633964597885,0.05826121647333211,0.0015801948907031868,5.900370746449595e-06,6,0.26666666666666666
74,496 C,Omicron,7wk4,4.984429329975282e-05,0.05435082572005403,0.0016034206306787813,0.00012444739189821914,6,0.3333333333333333
75,496 C,Wild Type,7df4,0.00038326874067865554,0.06340803580374738,0.0015801948907031868,7.2452864410015375e-06,6,0.3333333333333333
76,496 D,Omicron,7wk4,0.0001270554405478899,0.054689212691638775,0.0018706574024585781,0.0037929411528668877,7,0.2857142857142857
77,496 D,Wild Type,7df4,0.001645378413716578,0.06816264249169733,0.0015801948907031868,1.4473677961332107e-05,6,0.3333333333333333
78,498 B,Omicron,7wk4,0.0058541378953516614,0.053375554509535426,0.0034740780331373594,1.7544235037877927e-05,13,0.24358974358974358
79,498 B,Wild Type,7df4,0.005535374026759015,0.0608825321489273,0.0028970239662891757,1.124926072591384e-05,11,0.2545454545454545
80,498 C,Omicron,7wk4,0.0007558256329987779,0.05510234133411868,0.0032068412613575625,0.00026345089066416615,12,0.2727272727272727
81,498 C,Wild Type,7df4,0.0005607109159248935,0.06328860738394866,0.0028970239662891757,1.4248287121291618e-05,11,0.2545454545454545
82,498 D,Omicron,7wk4,0.0008828873079011121,0.0545886883834921,0.0034740780331373594,0.0065922694557788335,13,0.2692307692307692
83,498 D,Wild Type,7df4,0.0005075543926727175,0.06743149407732334,0.0028970239662891757,2.7172595190390534e-05,11,0.2545454545454545
84,501 B,Omicron,7wk4,0.03485862242379822,0.05366336349686653,0.0029396044895777657,1.9003429673383025e-05,11,0.2909090909090909
85,501 B,Wild Type,7df4,0.052242172900978906,0.06133195496616001,0.0026336581511719782,1.0085775413830827e-05,10,0.26666666666666666
86,501 C,Omicron,7wk4,1.9806957926574703e-06,0.055264284975853256,0.0016034206306787813,0.00017660583216607927,6,0.4666666666666667
87,501 C,Wild Type,7df4,0.00035438387250637753,0.06544069490882769,0.0018435607058203845,1.108284671980828e-05,7,0.42857142857142855
88,501 D,Omicron,7wk4,3.954898484945086e-06,0.054357141819555206,0.0016034206306787813,0.003730053750290287,6,0.4666666666666667
89,501 D,Wild Type,7df4,0.0013962538902299333,0.06818100197521997,0.0018435607058203845,1.9786600797500878e-05,7,0.42857142857142855
90,505 B,Omicron,7wk4,0.004730865532489502,0.05368492030472146,0.0032068412613575625,1.9138406906695278e-05,12,0.25757575757575757
91,505 B,Wild Type,7df4,0.06445466939085127,0.06169569738723515,0.0023702923360547803,9.514033169809216e-06,9,0.25
92,505 C,Omicron,7wk4,0.001360348756700521,0.05736888098486823,0.0029396044895777657,0.00030120988057855515,11,0.2727272727272727
93,505 C,Wild Type,7df4,0.002382118924618818,0.06719283653931232,0.0026336581511719782,1.3968389424085448e-05,10,0.2222222222222222
94,505 D,Omicron,7wk4,0.002069344244293732,0.05682007987002141,0.0032068412613575625,0.00690691748665532,12,0.2878787878787879
95,505 D,Wild Type,7df4,0.004881632391765168,0.07017446588304872,0.0026336581511719782,2.4481666780373833e-05,10,0.2
96,547 B,Omicron,7wk4,0.00033537716371980755,0.06988775376799955,0.0016034206306787813,1.2081668362250698e-05,6,0.3333333333333333
97,547 B,Wild Type,7df4,0.0027353607929037015,0.08061742287522028,0.0015801948907031868,3.793880515877546e-06,6,0.4
98,547 C,Omicron,7wk4,0.005366246377020643,0.06916053672420804,0.0018706574024585781,1.9516824805598123e-05,7,0.2857142857142857
99,547 C,Wild Type,7df4,0.009684458477665444,0.07351403678606001,0.0023702923360547803,7.895049002281148e-06,9,0.2222222222222222
100,547 D,Omicron,7wk4,0.010727132847632633,0.07015899205039748,0.0018706574024585781,9.54177306961621e-05,7,0.2857142857142857
101,547 D,Wild Type,7df4,0.01313688864394789,0.07857867179901078,0.0021069265209375824,7.744510883642657e-06,8,0.21428571428571427
102,614 B,Omicron,7wk4,0.010280690170251622,0.07586109027510289,0.002137894174238375,0.0009662665583216371,8,0.32142857142857145
103,614 B,Wild Type,7df4,0.00030403202032927313,0.0769402228976697,0.0015801948907031868,0.00011685097303270893,6,0.5333333333333333
104,614 C,Omicron,7wk4,0.00567798670986637,0.06906862564140426,0.002137894174238375,0.0006079059071217911,8,0.17857142857142858
105,614 C,Wild Type,7df4,0.002204983324713539,0.07632007396836245,0.0018435607058203845,0.00016977873954880337,7,0.38095238095238093
106,614 D,Omicron,7wk4,0.005396015353631231,0.07256015977972116,0.0018706574024585781,0.0003062334918081506,7,0.23809523809523808
107,614 D,Wild Type,7df4,0.0033083260253591873,0.07435475658951161,0.0021069265209375824,0.00021393366884716635,8,0.35714285714285715
108,796 B,Omicron,7wk4,0.00015247922318724168,0.05749139626352016,0.0013361838588989844,0.0017553047333009367,5,0.2
109,796 B,Wild Type,7df4,0.000134187281798272,0.056952152392380384,0.0013168290755859891,0.002016900086198246,5,0
110,796 C,Omicron,7wk4,0.00013785419880120263,0.05740320304350494,0.0013361838588989844,0.0016812953564417877,5,0.2
111,796 C,Wild Type,7df4,0.0001070046660550043,0.058316694824143755,0.0010534632604687912,0.001157470461367369,4,0
112,796 D,Omicron,7wk4,0.00013423260228721226,0.059332783662079024,0.0013361838588989844,0.0027713745886037517,5,0.2
113,796 D,Wild Type,7df4,0.0001234977339167317,0.05758789092122425,0.0010534632604687912,0.0011777890257779438,4,0
114,856 B,Omicron,7wk4,0.0037801936540347515,0.07463698739428754,0.0013361838588989844,0.00018702856059034395,5,0.2
115,856 B,Wild Type,7df4,0.004630969185569776,0.08077348536419333,0.0021069265209375824,0.0001639930743267032,8,0.2857142857142857
116,856 C,Omicron,7wk4,0.0003901489428678062,0.07563874514877102,0.0013361838588989844,0.00018495862362871278,5,0.3
117,856 C,Wild Type,7df4,0.01564305944389696,0.08585059238491453,0.0021069265209375824,0.00014973418309857967,8,0.21428571428571427
118,856 D,Omicron,7wk4,0.0018481801432916425,0.08059617911219281,0.0013361838588989844,0.00017144211914593162,5,0.2
119,856 D,Wild Type,7df4,0.003907495167768483,0.07901034188567742,0.0023702923360547803,0.0002041761430983583,9,0.25
120,954 B,Omicron,7wk4,0.0021108203419036506,0.07246601340098377,0.0016034206306787813,0.0022642118806991194,6,0.2
121,954 B,Wild Type,7df4,0.003917184818733875,0.07806653234096797,0.0015801948907031868,0.0013994873369101242,6,0.2
122,954 C,Omicron,7wk4,0.002901263202463929,0.07338693861541479,0.0016034206306787813,0.0015552633628340765,6,0.2
123,954 C,Wild Type,7df4,0.0019007972938349207,0.08000758565468415,0.0015801948907031868,0.0013402004820679437,6,0.2
124,954 D,Omicron,7wk4,0.0022617605882445427,0.07792748703638143,0.0016034206306787813,0.0025624827152069167,6,0.2
125,954 D,Wild Type,7df4,0.002175472647437142,0.07534477626748685,0.0015801948907031868,0.0012987596303886933,6,0.2
126,969 B,Omicron,7wk4,0.015544506082943095,0.0781047797954498,0.0029396044895777657,9.323745682074047e-05,11,0.23636363636363636
127,969 B,Wild Type,7df4,0.00400381009417225,0.08361962649753348,0.0028970239662891757,4.9821462748179886e-05,11,0.21818181818181817
128,969 C,Omicron,7wk4,0.021080445959501988,0.07819454602444885,0.0029396044895777657,9.247343074095928e-05,11,0.21818181818181817
129,969 C,Wild Type,7df4,0.0050195457034625645,0.08423738214087632,0.0028970239662891757,4.960472793124762e-05,11,0.21818181818181817
130,969 D,Omicron,7wk4,0.08080556726106745,0.082718068880145,0.0029396044895777657,8.446326978978687e-05,11,0.21818181818181817
131,969 D,Wild Type,7df4,0.004375316327872745,0.08111168076561566,0.0028970239662891757,5.289997161395526e-05,11,0.23636363636363636
132,981 B,Omicron,7wk4,0.004895988522400514,0.07027230046948357,0.002137894174238375,3.266499471088868e-05,8,0.25
133,981 B,Wild Type,7df4,0.010188259271076305,0.0807648948163274,0.0021069265209375824,8.762280937905826e-06,8,0.2857142857142857
134,981 C,Omicron,7wk4,0.004664913998804534,0.07148451678224158,0.002137894174238375,0.0001929210198218081,8,0.25
135,981 C,Wild Type,7df4,0.0034999309733825677,0.08143699731903485,0.0021069265209375824,6.3532054564180335e-06,8,0.25
136,981 D,Omicron,7wk4,0.035306725321319614,0.07383000552442585,0.002137894174238375,1.2742346101617173e-05,8,0.2857142857142857
137,981 D,Wild Type,7df4,0.0025395484007895196,0.07519109667709613,0.0021069265209375824,8.438134045473846e-06,8,0.2857142857142857
138,95 A,Delta,7w98,0.0018299843198113777,0.06162885588379305,0.002913135593220339,1.6382767287040529e-06,11,0.2545454545454545
139,95 B,Wild Type,7df4,0.0037232105154670083,0.0613845059493016,0.0028970239662891757,2.3674427595198137e-06,11,0.2727272727272727
140,95 B,Delta,7w98,0.002062178163885686,0.05310829817158931,0.0026483050847457626,5.588378907741355e-06,10,0.24444444444444444
141,95 C,Wild Type,7df4,0.0017557338684028908,0.0642785800138816,0.0026336581511719782,2.473035648600237e-06,10,0.26666666666666666
142,95 C,Delta,7w98,0.012755938360701909,0.05910528128228407,0.002913135593220339,3.4648938172370924e-05,11,0.16363636363636364
143,95 D,Wild Type,7df4,0.0018250971358762121,0.05834626673018117,0.0026336581511719782,2.715249860056984e-06,10,0.28888888888888886
144,142 A,Delta,7w98,0.0004330403254755366,0.053426905880355424,0.00211864406779661,1.7910682436987463e-07,8,0.25
145,142 B,Wild Type,7df4,0.0003915319846796214,0.05145962648740954,0.0026336581511719782,3.492326594602085e-06,10,0.24444444444444444
146,142 B,Delta,7w98,0.0004308793908098499,0.045662321329237913,0.0023834745762711866,1.704293123042599e-05,9,0.2222222222222222
147,142 C,Wild Type,7df4,0.0007327383190252473,0.05760099516072756,0.0028970239662891757,3.995705689567236e-06,11,0.23636363636363636
148,142 C,Delta,7w98,0.00023136013342146103,0.04977918396941533,0.0015889830508474577,5.5397748012016536e-05,6,0.26666666666666666
149,142 D,Wild Type,7df4,0.0006060557004203886,0.05111945824414018,0.0028970239662891757,3.352327617010065e-06,11,0.23636363636363636
150,452 A,Delta,7w98,0.00045181624822054125,0.05436848470886368,0.0023834745762711866,0.00016979693464997934,9,0.2777777777777778
151,452 B,Wild Type,7df4,0.004332482781489908,0.059388441385782434,0.0026336581511719782,1.610706438212058e-05,10,0.26666666666666666
152,452 B,Delta,7w98,0.0005807162813734774,0.05557190792959322,0.0026483050847457626,0.0003635235793410992,10,0.26666666666666666
153,452 C,Wild Type,7df4,0.0005586845100491616,0.06445644055136823,0.0026336581511719782,8.04599905235065e-06,10,0.2
154,452 C,Delta,7w98,0.0019051598028791102,0.05392590900002856,0.0026483050847457626,0.00012843893105622984,10,0.24444444444444444
155,452 D,Wild Type,7df4,0.0024551054111077372,0.07220415692091202,0.0026336581511719782,1.9371177812134786e-05,10,0.2222222222222222
156,614 A,Delta,7w98,0.009872044582794719,0.07573053087583483,0.0026483050847457626,0.0007776438262760924,10,0.2222222222222222
157,614 B,Wild Type,7df4,0.00030403202032927313,0.0769402228976697,0.0015801948907031868,0.00011685097303270893,6,0.5333333333333333
158,614 B,Delta,7w98,0.013266065228249848,0.06988192619461821,0.002913135593220339,0.00037903271365908534,11,0.23636363636363636
159,614 C,Wild Type,7df4,0.002204983324713539,0.07632007396836245,0.0018435607058203845,0.00016977873954880337,7,0.38095238095238093
160,614 C,Delta,7w98,0.045673324384804544,0.0799373372568114,0.002913135593220339,0.0016149253513181117,11,0.23636363636363636
161,614 D,Wild Type,7df4,0.0033083260253591873,0.07435475658951161,0.0021069265209375824,0.00021393366884716635,8,0.35714285714285715
162,950 A,Delta,7w98,0.0019069742728352957,0.07493550307600715,0.0015889830508474577,0.005595681316647828,6,0.2
163,950 B,Wild Type,7df4,0.0018673442415451508,0.07500543231337534,0.0015801948907031868,0.0028563229185255457,6,0.2
164,950 B,Delta,7w98,0.0011676627748142294,0.07019370189984013,0.0015889830508474577,0.0035226577216118447,6,0.2
165,950 C,Wild Type,7df4,0.001291404567531948,0.0766993233006767,0.0015801948907031868,0.0027578522902711624,6,0.2
166,950 C,Delta,7w98,0.0022436954820574534,0.07181164657106995,0.0015889830508474577,0.0016480813850894857,6,0.2
167,950 D,Wild Type,7df4,0.001177901213277347,0.07270185919160588,0.0015801948907031868,0.0027560492782694413,6,0.2
